{
  "2090347 - The-Importance-of-Reforming-the-EU-Benchmarks-Regulation.pdf": 1751666797.9414496,
  "2107316 - EBF-Position-on-Proposal-for-Instant-Payments-Regulation-1.pdf": 1751666796.3327339,
  "bcbs189.pdf": 1751815331.3952718,
  "2119174 - SFC_Position_on_Instant_Credit_Transfers_in_Euro_-_Amending_the_SEPA_Regulation_.pdf": 1751786623.9989536,
  "The-AI-Act.pdf": 1751790126.8369734,
  "2164081 - Draft Implementing Technical Standards on uniform reporting under SEPA.pdf": 1751788007.314409
}